Sl. No,Timestamp,Cell id,AP1,AP2,AP3,AP4,AP5,AP6,AP7,AP8,AP9,AP10,AP11,AP12,AP13
0,1657875064,T1,-83,-92,-92,-66,-80,-82,-110,-110,-110,-110,-110,-110,-110
1,1657875065,T1,-83,-92,-92,-66,-80,-82,-110,-110,-110,-110,-110,-110,-110
2,1657875066,T1,-83,-92,-92,-66,-80,-82,-110,-110,-110,-110,-110,-110,-110
3,1657875067,T1,-83,-92,-92,-66,-80,-82,-110,-110,-110,-110,-110,-110,-110
4,1657875068,T1,-83,-92,-92,-66,-80,-82,-110,-110,-110,-110,-110,-110,-110
5,1657875069,T1,-83,-92,-92,-66,-80,-82,-110,-110,-110,-110,-110,-110,-110
6,1657875070,T1,-89,-93,-92,-61,-90,-83,-110,-110,-110,-110,-110,-110,-110
7,1657875071,T1,-89,-93,-92,-61,-90,-83,-110,-110,-110,-110,-110,-110,-110
8,1657875072,T1,-89,-93,-92,-61,-90,-83,-110,-110,-110,-110,-110,-110,-110
9,1657875073,T1,-89,-93,-92,-61,-90,-83,-110,-110,-110,-110,-110,-110,-110
10,1657875074,T1,-89,-93,-92,-61,-90,-83,-110,-110,-110,-110,-110,-110,-110
11,1657875075,T1,-89,-93,-92,-61,-90,-83,-110,-110,-110,-110,-110,-110,-110
12,1657875076,T1,-82,-93,-92,-60,-78,-80,-110,-110,-110,-110,-110,-110,-110
13,1657875077,T1,-82,-93,-92,-60,-78,-80,-110,-110,-110,-110,-110,-110,-110
14,1657875078,T1,-82,-93,-92,-60,-78,-80,-110,-110,-110,-110,-110,-110,-110
15,1657875079,T1,-82,-93,-92,-60,-78,-80,-110,-110,-110,-110,-110,-110,-110
16,1657875080,T1,-82,-93,-92,-60,-78,-80,-110,-110,-110,-110,-110,-110,-110
17,1657875081,T1,-82,-93,-92,-60,-78,-80,-110,-110,-110,-110,-110,-110,-110
0,1657875107,T2,-92,-93,-83,-55,-78,-84,-91,-83,-110,-110,-110,-110,-110
1,1657875108,T2,-92,-93,-83,-55,-78,-84,-91,-83,-110,-110,-110,-110,-110
2,1657875109,T2,-75,-93,-85,-68,-80,-74,-91,-89,-110,-110,-110,-110,-110
3,1657875110,T2,-75,-110,-85,-68,-80,-74,-91,-89,-110,-110,-110,-110,-110
4,1657875111,T2,-75,-110,-85,-68,-80,-74,-91,-89,-110,-110,-110,-110,-110
5,1657875112,T2,-75,-110,-85,-68,-80,-74,-91,-89,-110,-110,-110,-110,-110
6,1657875113,T2,-75,-110,-85,-68,-80,-74,-91,-89,-110,-110,-110,-110,-110
7,1657875114,T2,-75,-110,-85,-68,-80,-74,-91,-89,-110,-110,-110,-110,-110
8,1657875115,T2,-79,-110,-85,-63,-87,-83,-92,-84,-110,-110,-110,-110,-110
9,1657875116,T2,-79,-110,-85,-63,-87,-83,-92,-84,-110,-110,-110,-110,-110
10,1657875117,T2,-79,-110,-85,-63,-87,-83,-92,-84,-110,-110,-110,-110,-110
11,1657875118,T2,-79,-110,-85,-63,-87,-83,-92,-84,-110,-110,-110,-110,-110
12,1657875119,T2,-79,-110,-85,-63,-87,-83,-92,-84,-110,-110,-110,-110,-110
13,1657875120,T2,-79,-110,-85,-63,-87,-83,-92,-84,-110,-110,-110,-110,-110
0,1657875146,T3,-77,-110,-85,-67,-87,-82,-90,-84,-110,-110,-110,-110,-110
1,1657875147,T3,-77,-110,-85,-67,-87,-82,-90,-84,-110,-110,-110,-110,-110
2,1657875148,T3,-77,-110,-85,-67,-87,-82,-90,-84,-110,-110,-110,-110,-110
3,1657875149,T3,-77,-110,-85,-67,-87,-82,-90,-84,-110,-110,-110,-110,-110
4,1657875150,T3,-77,-110,-85,-67,-87,-82,-90,-84,-110,-110,-110,-110,-110
5,1657875151,T3,-77,-110,-85,-67,-87,-82,-90,-84,-110,-110,-110,-110,-110
6,1657875152,T3,-77,-110,-92,-64,-87,-82,-91,-90,-110,-110,-110,-110,-110
7,1657875153,T3,-77,-110,-92,-64,-87,-82,-91,-90,-110,-110,-110,-110,-110
8,1657875154,T3,-77,-110,-92,-64,-87,-82,-91,-90,-110,-110,-110,-110,-110
9,1657875155,T3,-77,-110,-92,-64,-110,-82,-91,-90,-110,-110,-110,-110,-110
10,1657875156,T3,-77,-110,-92,-64,-110,-82,-91,-90,-110,-110,-110,-110,-110
11,1657875157,T3,-77,-110,-92,-64,-110,-82,-91,-90,-110,-110,-110,-110,-110
12,1657875158,T3,-77,-110,-92,-64,-110,-82,-91,-90,-110,-110,-110,-110,-110
13,1657875159,T3,-83,-110,-83,-68,-82,-78,-91,-84,-110,-110,-110,-110,-110
14,1657875160,T3,-83,-110,-83,-68,-82,-78,-91,-84,-110,-110,-110,-110,-110
15,1657875161,T3,-83,-110,-83,-68,-82,-78,-91,-84,-110,-110,-110,-110,-110
0,1657875185,T4,-91,-90,-85,-58,-78,-84,-91,-85,-110,-110,-110,-110,-110
1,1657875186,T4,-91,-90,-85,-58,-78,-84,-91,-85,-110,-110,-110,-110,-110
2,1657875187,T4,-91,-90,-85,-58,-78,-84,-91,-85,-110,-110,-110,-110,-110
3,1657875188,T4,-91,-90,-85,-58,-78,-84,-91,-85,-110,-110,-110,-110,-110
4,1657875189,T4,-91,-90,-85,-58,-78,-84,-91,-85,-110,-110,-110,-110,-110
5,1657875190,T4,-91,-90,-85,-58,-78,-84,-91,-85,-110,-110,-110,-110,-110
6,1657875191,T4,-91,-90,-85,-58,-78,-84,-91,-85,-110,-110,-110,-110,-110
7,1657875192,T4,-91,-90,-85,-58,-78,-84,-110,-85,-110,-110,-110,-110,-110
8,1657875193,T4,-91,-90,-85,-58,-78,-84,-110,-85,-110,-110,-110,-110,-110
9,1657875194,T4,-91,-90,-85,-58,-78,-84,-110,-85,-110,-110,-110,-110,-110
10,1657875195,T4,-91,-90,-85,-58,-78,-84,-110,-85,-110,-110,-110,-110,-110
11,1657875196,T4,-91,-90,-85,-58,-78,-84,-110,-85,-110,-110,-110,-110,-110
12,1657875197,T4,-91,-90,-85,-58,-78,-84,-110,-85,-110,-110,-110,-110,-110
0,1657875224,T5,-80,-91,-85,-68,-77,-80,-110,-83,-110,-110,-110,-110,-110
1,1657875225,T5,-80,-91,-85,-68,-77,-80,-110,-83,-110,-110,-110,-110,-110
2,1657875226,T5,-80,-91,-85,-68,-77,-80,-110,-83,-110,-110,-110,-110,-110
3,1657875227,T5,-80,-91,-85,-68,-77,-80,-110,-83,-110,-110,-110,-110,-110
4,1657875228,T5,-80,-91,-85,-68,-77,-80,-110,-83,-110,-110,-110,-110,-110
5,1657875229,T5,-80,-91,-85,-68,-77,-80,-110,-83,-110,-110,-110,-110,-110
6,1657875230,T5,-80,-91,-85,-68,-77,-80,-110,-83,-110,-110,-110,-110,-110
7,1657875231,T5,-80,-91,-85,-68,-77,-80,-110,-83,-110,-110,-110,-110,-110
8,1657875232,T5,-80,-91,-85,-68,-77,-80,-110,-83,-110,-110,-110,-110,-110
9,1657875233,T5,-80,-91,-85,-68,-77,-80,-110,-83,-110,-110,-110,-110,-110
10,1657875234,T5,-80,-91,-85,-68,-77,-80,-110,-83,-110,-110,-110,-110,-110
11,1657875235,T5,-80,-91,-85,-68,-77,-80,-110,-83,-110,-110,-110,-110,-110
12,1657875236,T5,-80,-110,-85,-68,-77,-80,-110,-83,-110,-110,-110,-110,-110
13,1657875237,T5,-81,-93,-88,-60,-72,-78,-92,-83,-110,-110,-110,-110,-110
14,1657875238,T5,-81,-93,-88,-60,-72,-78,-92,-83,-110,-110,-110,-110,-110
15,1657875239,T5,-76,-93,-91,-59,-80,-88,-92,-83,-89,-110,-110,-110,-110
16,1657875240,T5,-76,-93,-91,-59,-80,-88,-92,-83,-89,-110,-110,-110,-110
17,1657875241,T5,-76,-93,-91,-59,-80,-88,-92,-83,-89,-110,-110,-110,-110
18,1657875242,T5,-76,-93,-91,-59,-80,-88,-92,-83,-89,-110,-110,-110,-110
19,1657875243,T5,-76,-93,-91,-59,-80,-88,-92,-83,-89,-110,-110,-110,-110
20,1657875244,T5,-76,-93,-91,-59,-80,-88,-92,-83,-89,-110,-110,-110,-110
0,1657875271,T6,-83,-110,-82,-68,-79,-74,-93,-89,-89,-93,-110,-110,-110
1,1657875272,T6,-83,-110,-82,-68,-79,-74,-93,-89,-89,-93,-110,-110,-110
2,1657875273,T6,-83,-110,-82,-68,-79,-74,-93,-89,-89,-93,-110,-110,-110
3,1657875274,T6,-83,-110,-82,-68,-79,-74,-93,-89,-89,-93,-110,-110,-110
4,1657875275,T6,-77,-92,-87,-65,-79,-85,-93,-87,-91,-93,-110,-110,-110
5,1657875276,T6,-77,-92,-87,-65,-79,-85,-93,-87,-91,-93,-110,-110,-110
6,1657875277,T6,-77,-92,-87,-65,-79,-85,-93,-87,-91,-93,-110,-110,-110
7,1657875278,T6,-77,-92,-87,-65,-79,-85,-93,-87,-91,-93,-110,-110,-110
8,1657875279,T6,-77,-92,-87,-65,-79,-85,-93,-87,-91,-93,-110,-110,-110
9,1657875280,T6,-77,-92,-87,-65,-79,-85,-93,-87,-91,-93,-110,-110,-110
10,1657875281,T6,-77,-92,-87,-65,-79,-85,-93,-87,-91,-93,-110,-110,-110
11,1657875282,T6,-77,-92,-87,-65,-79,-85,-93,-87,-91,-93,-110,-110,-110
12,1657875283,T6,-77,-92,-87,-65,-79,-85,-93,-87,-91,-93,-110,-110,-110
13,1657875284,T6,-77,-92,-87,-65,-79,-85,-110,-87,-91,-110,-110,-110,-110
14,1657875285,T6,-77,-92,-87,-65,-110,-85,-110,-87,-91,-110,-110,-110,-110
15,1657875286,T6,-77,-92,-87,-65,-110,-85,-110,-87,-91,-110,-110,-110,-110
16,1657875287,T6,-77,-92,-87,-65,-110,-85,-110,-87,-91,-110,-110,-110,-110
0,1657875312,T7,-78,-92,-82,-62,-78,-84,-110,-82,-89,-110,-110,-110,-110
1,1657875313,T7,-78,-92,-82,-62,-78,-84,-110,-82,-89,-110,-110,-110,-110
2,1657875314,T7,-78,-92,-82,-62,-78,-84,-110,-82,-89,-110,-110,-110,-110
3,1657875315,T7,-78,-92,-82,-62,-78,-84,-110,-82,-89,-110,-110,-110,-110
4,1657875316,T7,-78,-92,-82,-62,-78,-84,-110,-82,-89,-110,-110,-110,-110
5,1657875317,T7,-78,-110,-82,-62,-78,-84,-110,-82,-89,-110,-110,-110,-110
6,1657875318,T7,-76,-91,-85,-61,-78,-83,-110,-86,-89,-110,-110,-110,-110
7,1657875319,T7,-76,-91,-85,-61,-78,-83,-110,-86,-89,-110,-110,-110,-110
8,1657875320,T7,-76,-91,-85,-61,-78,-83,-110,-86,-89,-110,-110,-110,-110
9,1657875321,T7,-76,-91,-85,-61,-78,-83,-110,-86,-89,-110,-110,-110,-110
10,1657875322,T7,-76,-91,-85,-61,-78,-83,-110,-86,-89,-110,-110,-110,-110
11,1657875323,T7,-76,-91,-85,-61,-78,-83,-110,-86,-89,-110,-110,-110,-110
12,1657875324,T7,-74,-89,-83,-67,-80,-80,-110,-83,-89,-110,-110,-110,-110
13,1657875325,T7,-74,-89,-83,-67,-80,-80,-110,-83,-89,-110,-110,-110,-110
14,1657875326,T7,-74,-89,-83,-67,-80,-80,-110,-83,-89,-110,-110,-110,-110
15,1657875327,T7,-74,-89,-83,-67,-80,-80,-110,-83,-89,-110,-110,-110,-110
16,1657875328,T7,-74,-89,-83,-67,-80,-80,-110,-83,-89,-110,-110,-110,-110
17,1657875329,T7,-74,-89,-83,-67,-80,-80,-110,-83,-110,-110,-110,-110,-110
18,1657875330,T7,-74,-89,-83,-67,-80,-80,-110,-83,-110,-110,-110,-110,-110
19,1657875332,T7,-76,-89,-84,-58,-80,-79,-110,-84,-110,-92,-110,-110,-110
0,1657875355,T8,-71,-89,-84,-60,-83,-76,-110,-84,-110,-92,-110,-110,-110
1,1657875356,T8,-71,-89,-84,-60,-83,-76,-110,-84,-110,-92,-110,-110,-110
2,1657875357,T8,-71,-89,-84,-60,-83,-76,-110,-84,-110,-92,-110,-110,-110
3,1657875358,T8,-71,-89,-84,-60,-83,-76,-110,-84,-110,-92,-110,-110,-110
4,1657875359,T8,-71,-89,-84,-60,-83,-76,-110,-84,-110,-92,-110,-110,-110
5,1657875360,T8,-71,-89,-84,-60,-83,-76,-110,-84,-110,-92,-110,-110,-110
6,1657875361,T8,-77,-89,-89,-58,-83,-81,-93,-87,-110,-89,-110,-110,-110
7,1657875362,T8,-77,-89,-89,-58,-83,-81,-93,-87,-110,-89,-110,-110,-110
8,1657875363,T8,-77,-89,-89,-58,-83,-81,-93,-87,-110,-89,-110,-110,-110
9,1657875364,T8,-69,-110,-79,-63,-83,-82,-93,-78,-110,-89,-66,-110,-110
10,1657875365,T8,-69,-110,-79,-63,-83,-82,-93,-78,-110,-89,-66,-110,-110
11,1657875366,T8,-69,-110,-79,-63,-83,-82,-93,-78,-110,-89,-66,-110,-110
12,1657875367,T8,-69,-110,-79,-63,-83,-82,-93,-78,-110,-89,-66,-110,-110
13,1657875368,T8,-69,-110,-79,-63,-83,-82,-93,-78,-110,-89,-66,-110,-110
14,1657875369,T8,-69,-110,-79,-63,-83,-82,-93,-78,-110,-89,-66,-110,-110
15,1657875370,T8,-77,-91,-83,-68,-83,-79,-93,-83,-110,-91,-65,-110,-110
16,1657875371,T8,-77,-91,-83,-68,-83,-79,-93,-83,-110,-91,-65,-110,-110
17,1657875372,T8,-77,-91,-83,-68,-83,-79,-93,-83,-110,-91,-65,-110,-110
18,1657875373,T8,-77,-91,-83,-68,-83,-79,-93,-83,-110,-91,-65,-110,-110
19,1657875374,T8,-77,-91,-83,-68,-83,-79,-93,-83,-110,-91,-65,-110,-110
20,1657875375,T8,-77,-91,-83,-68,-83,-79,-93,-83,-110,-91,-65,-110,-110
0,1657875399,T9,-72,-91,-86,-68,-80,-78,-93,-83,-110,-85,-77,-110,-110
1,1657875400,T9,-72,-91,-86,-68,-80,-78,-110,-83,-110,-85,-77,-110,-110
2,1657875401,T9,-72,-91,-86,-68,-80,-78,-110,-83,-110,-85,-77,-110,-110
3,1657875402,T9,-72,-91,-86,-68,-80,-78,-110,-83,-110,-85,-77,-110,-110
4,1657875403,T9,-72,-91,-86,-68,-80,-78,-110,-83,-110,-85,-77,-110,-110
5,1657875404,T9,-72,-91,-86,-68,-80,-78,-110,-83,-110,-85,-77,-110,-110
6,1657875406,T9,-81,-91,-84,-64,-81,-79,-91,-88,-110,-87,-77,-110,-110
7,1657875407,T9,-81,-91,-84,-64,-81,-79,-91,-88,-110,-87,-77,-110,-110
8,1657875408,T9,-81,-91,-84,-64,-81,-79,-91,-88,-110,-87,-77,-110,-110
9,1657875409,T9,-81,-91,-84,-64,-81,-79,-91,-88,-110,-87,-77,-110,-110
10,1657875410,T9,-81,-91,-84,-64,-81,-79,-91,-88,-110,-87,-77,-110,-110
11,1657875411,T9,-82,-91,-82,-71,-82,-79,-92,-82,-110,-89,-77,-110,-110
12,1657875412,T9,-82,-91,-82,-71,-82,-79,-92,-82,-110,-89,-77,-110,-110
13,1657875413,T9,-82,-91,-82,-71,-82,-79,-92,-82,-110,-89,-77,-110,-110
14,1657875414,T9,-82,-91,-82,-71,-82,-79,-92,-82,-110,-89,-77,-110,-110
15,1657875415,T9,-82,-91,-82,-71,-82,-79,-92,-82,-110,-89,-77,-110,-110
16,1657875416,T9,-82,-91,-82,-71,-82,-79,-92,-82,-110,-89,-110,-110,-110
17,1657875417,T9,-83,-89,-79,-64,-82,-81,-92,-79,-110,-87,-110,-86,-110
18,1657875418,T9,-83,-89,-79,-64,-82,-81,-92,-79,-110,-87,-110,-86,-110
19,1657875419,T9,-83,-89,-79,-64,-82,-81,-92,-79,-110,-87,-110,-86,-110
0,1657875443,T10,-77,-89,-82,-59,-84,-80,-92,-85,-110,-86,-110,-86,-110
1,1657875444,T10,-77,-89,-82,-59,-84,-80,-92,-85,-110,-86,-110,-86,-110
2,1657875445,T10,-77,-89,-82,-59,-84,-80,-92,-85,-110,-86,-110,-86,-110
3,1657875446,T10,-77,-89,-82,-59,-84,-80,-92,-85,-110,-86,-110,-86,-110
4,1657875447,T10,-77,-89,-82,-59,-84,-80,-92,-85,-110,-86,-110,-86,-110
5,1657875448,T10,-77,-89,-82,-59,-84,-80,-92,-85,-110,-86,-110,-86,-110
6,1657875449,T10,-77,-89,-82,-59,-84,-80,-92,-85,-110,-86,-110,-86,-110
7,1657875450,T10,-77,-89,-86,-55,-76,-84,-92,-85,-88,-93,-110,-86,-110
8,1657875451,T10,-77,-89,-86,-55,-76,-84,-92,-85,-88,-93,-110,-86,-110
9,1657875452,T10,-77,-89,-86,-55,-76,-84,-92,-85,-88,-93,-110,-86,-110
10,1657875453,T10,-77,-89,-86,-55,-76,-84,-92,-85,-88,-93,-110,-86,-110
11,1657875454,T10,-77,-89,-86,-55,-76,-84,-92,-85,-88,-93,-110,-86,-110
12,1657875455,T10,-77,-89,-86,-55,-76,-84,-92,-85,-88,-93,-110,-86,-110
13,1657875456,T10,-77,-89,-86,-55,-76,-84,-92,-85,-88,-93,-110,-86,-110
14,1657875457,T10,-84,-90,-86,-62,-83,-81,-93,-85,-88,-93,-110,-86,-110
15,1657875458,T10,-84,-90,-86,-62,-83,-81,-93,-85,-88,-93,-110,-110,-110
16,1657875459,T10,-84,-90,-86,-62,-83,-81,-93,-85,-88,-93,-110,-110,-110
17,1657875460,T10,-84,-90,-86,-62,-83,-81,-93,-85,-88,-93,-110,-110,-110
18,1657875461,T10,-84,-90,-86,-62,-83,-81,-93,-85,-88,-93,-110,-110,-110
19,1657875462,T10,-84,-90,-86,-62,-83,-81,-93,-85,-88,-93,-110,-110,-110
20,1657875463,T10,-90,-90,-86,-59,-78,-78,-93,-86,-93,-93,-110,-88,-110
21,1657875464,T10,-90,-90,-86,-59,-78,-78,-93,-86,-93,-93,-110,-88,-110
22,1657875465,T10,-90,-90,-86,-59,-78,-78,-93,-86,-93,-93,-110,-88,-110
0,1657875493,T11,-82,-93,-110,-66,-73,-77,-93,-86,-93,-86,-110,-91,-110
1,1657875494,T11,-82,-93,-110,-66,-73,-77,-93,-86,-93,-86,-110,-91,-110
2,1657875495,T11,-82,-93,-110,-66,-73,-77,-93,-86,-93,-86,-110,-91,-110
3,1657875496,T11,-82,-93,-110,-66,-73,-77,-110,-86,-93,-86,-110,-91,-110
4,1657875497,T11,-82,-93,-110,-66,-73,-77,-110,-86,-93,-86,-110,-91,-110
5,1657875498,T11,-82,-93,-110,-66,-73,-77,-110,-86,-93,-86,-110,-91,-110
6,1657875499,T11,-82,-93,-110,-66,-73,-77,-110,-86,-93,-86,-110,-91,-110
7,1657875500,T11,-78,-90,-85,-61,-83,-81,-91,-86,-93,-86,-110,-91,-110
8,1657875501,T11,-78,-90,-85,-61,-83,-81,-91,-86,-93,-86,-110,-91,-110
9,1657875502,T11,-78,-90,-85,-61,-83,-81,-91,-86,-93,-86,-110,-91,-110
10,1657875503,T11,-78,-90,-85,-61,-83,-81,-91,-86,-93,-86,-110,-91,-110
11,1657875504,T11,-78,-90,-85,-61,-83,-81,-91,-86,-110,-86,-110,-91,-110
12,1657875505,T11,-78,-90,-85,-61,-83,-81,-91,-86,-110,-86,-110,-91,-110
13,1657875506,T11,-83,-90,-85,-66,-78,-84,-91,-86,-88,-86,-110,-91,-110
14,1657875507,T11,-83,-90,-85,-66,-78,-84,-91,-86,-88,-86,-110,-91,-110
15,1657875508,T11,-83,-90,-85,-66,-78,-84,-91,-86,-88,-86,-110,-91,-110
16,1657875509,T11,-83,-90,-85,-66,-78,-84,-91,-86,-88,-110,-110,-110,-110
17,1657875510,T11,-83,-90,-85,-66,-78,-84,-91,-86,-88,-110,-110,-110,-110
18,1657875511,T11,-83,-90,-85,-66,-78,-84,-91,-86,-88,-110,-110,-110,-110
19,1657875512,T11,-73,-90,-88,-69,-78,-78,-91,-86,-88,-92,-110,-110,-110
0,1657875544,T12,-80,-90,-88,-64,-78,-80,-110,-110,-88,-92,-110,-110,-110
1,1657875545,T12,-80,-90,-88,-64,-78,-80,-110,-110,-88,-92,-110,-110,-110
2,1657875546,T12,-80,-90,-88,-64,-78,-80,-110,-110,-88,-92,-110,-110,-110
3,1657875547,T12,-80,-90,-88,-64,-78,-80,-110,-110,-88,-92,-110,-110,-110
4,1657875548,T12,-80,-90,-88,-64,-110,-80,-110,-110,-88,-92,-110,-110,-110
5,1657875549,T12,-80,-90,-88,-64,-110,-80,-110,-110,-88,-92,-110,-110,-110
6,1657875550,T12,-80,-90,-88,-64,-78,-78,-110,-91,-88,-92,-110,-110,-110
7,1657875551,T12,-80,-90,-88,-64,-78,-78,-110,-91,-88,-92,-110,-110,-110
8,1657875552,T12,-80,-110,-88,-64,-78,-78,-110,-91,-88,-92,-110,-110,-110
9,1657875553,T12,-80,-110,-88,-64,-78,-78,-110,-91,-88,-110,-110,-110,-110
10,1657875554,T12,-80,-110,-110,-64,-78,-78,-110,-91,-88,-110,-110,-110,-110
11,1657875555,T12,-80,-110,-110,-64,-78,-78,-110,-91,-88,-110,-110,-110,-110
12,1657875556,T12,-76,-89,-79,-63,-78,-89,-110,-79,-86,-110,-110,-110,-110
13,1657875557,T12,-76,-89,-79,-63,-78,-89,-110,-79,-86,-110,-110,-110,-110
14,1657875558,T12,-76,-89,-79,-63,-78,-89,-110,-79,-86,-110,-110,-110,-110
15,1657875559,T12,-76,-89,-79,-63,-78,-89,-110,-79,-86,-110,-110,-110,-110
16,1657875560,T12,-76,-89,-79,-63,-78,-89,-110,-79,-86,-110,-110,-110,-110
17,1657875561,T12,-76,-89,-79,-63,-78,-89,-110,-79,-86,-110,-110,-110,-110
18,1657875562,T12,-81,-89,-79,-61,-81,-80,-110,-79,-86,-110,-110,-110,-110
19,1657875563,T12,-81,-89,-79,-61,-81,-80,-110,-79,-86,-110,-110,-110,-110
20,1657875564,T12,-81,-89,-79,-61,-81,-80,-110,-79,-86,-110,-110,-110,-110
21,1657875565,T12,-81,-89,-79,-61,-81,-80,-110,-79,-86,-110,-110,-110,-110
22,1657875566,T12,-81,-89,-79,-61,-81,-80,-110,-79,-86,-110,-110,-110,-110
23,1657875567,T12,-81,-89,-79,-61,-81,-80,-110,-79,-86,-110,-110,-110,-110
24,1657875568,T12,-80,-91,-79,-58,-75,-81,-110,-79,-90,-110,-110,-110,-110
25,1657875569,T12,-80,-91,-79,-58,-75,-81,-110,-79,-90,-110,-110,-110,-110
26,1657875570,T12,-80,-91,-79,-58,-75,-81,-110,-79,-90,-110,-110,-110,-110
27,1657875571,T12,-80,-91,-79,-58,-75,-81,-110,-79,-90,-110,-110,-110,-110
0,1657875600,T13,-83,-91,-79,-62,-78,-82,-110,-78,-88,-110,-110,-110,-110
1,1657875602,T13,-83,-91,-79,-62,-78,-82,-110,-78,-88,-110,-110,-110,-110
2,1657875603,T13,-83,-91,-79,-62,-78,-82,-110,-78,-88,-110,-110,-110,-110
3,1657875604,T13,-83,-91,-79,-62,-78,-82,-110,-78,-88,-110,-110,-110,-110
4,1657875605,T13,-83,-91,-79,-62,-78,-82,-110,-78,-88,-110,-110,-110,-110
5,1657875606,T13,-83,-91,-79,-62,-78,-82,-110,-78,-88,-110,-110,-110,-110
6,1657875607,T13,-83,-91,-79,-62,-78,-82,-110,-78,-88,-110,-110,-110,-110
7,1657875608,T13,-83,-110,-79,-62,-78,-82,-110,-78,-88,-110,-110,-110,-110
8,1657875609,T13,-83,-110,-79,-62,-78,-82,-110,-78,-88,-110,-110,-110,-110
9,1657875610,T13,-83,-110,-79,-62,-78,-82,-110,-78,-88,-110,-110,-110,-110
10,1657875611,T13,-83,-110,-79,-62,-78,-82,-110,-78,-88,-110,-110,-110,-110
11,1657875612,T13,-83,-110,-79,-62,-78,-82,-110,-78,-88,-110,-110,-110,-110
12,1657875613,T13,-83,-110,-79,-62,-78,-82,-110,-78,-88,-110,-110,-110,-110
13,1657875614,T13,-81,-110,-81,-68,-85,-77,-110,-83,-110,-89,-110,-110,-110
14,1657875615,T13,-81,-110,-81,-68,-85,-77,-110,-83,-110,-89,-110,-110,-110
15,1657875616,T13,-81,-110,-81,-68,-85,-77,-110,-83,-110,-89,-110,-110,-110
16,1657875617,T13,-81,-110,-81,-68,-85,-77,-110,-83,-110,-89,-110,-110,-110
0,1657875644,T14,-70,-110,-85,-67,-81,-77,-93,-86,-110,-89,-110,-110,-110
1,1657875645,T14,-70,-110,-85,-67,-81,-77,-93,-86,-110,-110,-110,-110,-110
2,1657875646,T14,-70,-110,-85,-67,-81,-77,-93,-86,-110,-110,-110,-110,-110
3,1657875647,T14,-70,-110,-85,-67,-81,-77,-93,-86,-110,-110,-110,-110,-110
4,1657875648,T14,-70,-110,-85,-67,-81,-77,-93,-86,-110,-110,-110,-110,-110
5,1657875649,T14,-79,-110,-89,-61,-85,-79,-93,-89,-110,-91,-110,-110,-110
6,1657875650,T14,-79,-110,-89,-61,-85,-79,-93,-89,-110,-91,-110,-110,-110
7,1657875651,T14,-79,-110,-89,-61,-85,-79,-93,-89,-110,-91,-110,-110,-110
8,1657875652,T14,-79,-110,-89,-61,-85,-79,-93,-89,-110,-91,-110,-110,-110
9,1657875653,T14,-79,-110,-89,-61,-85,-79,-93,-89,-110,-91,-110,-110,-110
10,1657875654,T14,-79,-110,-89,-61,-85,-79,-93,-89,-110,-91,-110,-110,-110
11,1657875655,T14,-86,-88,-77,-68,-85,-77,-93,-76,-110,-91,-110,-110,-110
12,1657875656,T14,-86,-88,-77,-68,-85,-77,-93,-76,-110,-91,-110,-110,-110
13,1657875657,T14,-86,-88,-77,-68,-85,-77,-93,-76,-110,-91,-110,-110,-110
14,1657875658,T14,-86,-88,-77,-68,-85,-77,-93,-76,-110,-91,-110,-110,-110
15,1657875659,T14,-86,-88,-77,-68,-85,-77,-110,-76,-110,-91,-110,-110,-110
16,1657875660,T14,-86,-88,-77,-68,-85,-77,-110,-76,-110,-91,-110,-110,-110
17,1657875662,T14,-74,-88,-81,-65,-75,-80,-92,-80,-110,-90,-110,-110,-110
18,1657875663,T14,-74,-110,-110,-110,-110,-110,-92,-110,-110,-90,-110,-110,-110
19,1657875664,T14,-110,-88,-81,-65,-75,-80,-110,-80,-110,-110,-110,-110,-110
20,1657875665,T14,-74,-88,-81,-65,-75,-80,-92,-80,-110,-90,-110,-110,-110
21,1657875667,T14,-74,-88,-81,-65,-75,-80,-92,-80,-110,-90,-110,-110,-110
22,1657875668,T14,-74,-88,-81,-65,-75,-80,-92,-80,-110,-90,-110,-110,-110
23,1657875669,T14,-73,-89,-87,-56,-75,-77,-92,-80,-110,-92,-110,-110,-110
24,1657875670,T14,-73,-89,-87,-56,-75,-77,-92,-80,-110,-92,-110,-110,-110
0,1657875701,T15,-79,-89,-86,-61,-82,-81,-110,-91,-110,-87,-110,-87,-110
1,1657875702,T15,-79,-89,-86,-61,-82,-81,-110,-91,-110,-87,-110,-87,-110
2,1657875703,T15,-79,-89,-86,-61,-82,-81,-110,-91,-110,-87,-110,-87,-110
3,1657875704,T15,-79,-89,-86,-61,-82,-81,-110,-91,-110,-87,-110,-87,-110
4,1657875705,T15,-79,-89,-86,-61,-82,-81,-110,-91,-110,-87,-110,-87,-110
5,1657875706,T15,-79,-89,-86,-61,-82,-81,-110,-91,-110,-87,-110,-87,-110
6,1657875707,T15,-79,-110,-86,-61,-82,-81,-110,-91,-110,-87,-110,-87,-110
7,1657875708,T15,-78,-92,-87,-63,-82,-80,-110,-91,-110,-87,-110,-87,-110
8,1657875709,T15,-78,-92,-87,-63,-82,-80,-110,-91,-110,-87,-110,-87,-110
9,1657875710,T15,-78,-92,-87,-63,-82,-80,-110,-91,-110,-87,-110,-87,-110
10,1657875711,T15,-78,-92,-87,-63,-82,-80,-110,-91,-110,-87,-110,-87,-110
11,1657875712,T15,-78,-92,-87,-63,-82,-80,-110,-91,-110,-87,-110,-87,-110
12,1657875713,T15,-78,-92,-87,-63,-82,-80,-110,-91,-110,-87,-110,-87,-110
13,1657875714,T15,-78,-92,-87,-63,-82,-80,-110,-91,-110,-87,-110,-87,-110
14,1657875715,T15,-85,-93,-87,-70,-82,-85,-110,-91,-110,-110,-110,-110,-110
15,1657875716,T15,-85,-93,-87,-70,-82,-85,-110,-91,-110,-110,-110,-110,-110
16,1657875717,T15,-85,-93,-87,-70,-82,-85,-110,-91,-110,-110,-110,-110,-110
17,1657875718,T15,-85,-93,-87,-70,-82,-85,-110,-91,-110,-110,-110,-110,-110
18,1657875719,T15,-85,-93,-87,-70,-82,-85,-110,-91,-110,-110,-110,-110,-110
19,1657875720,T15,-85,-93,-87,-70,-82,-85,-110,-91,-110,-110,-110,-110,-110
20,1657875721,T15,-77,-89,-86,-62,-75,-79,-110,-86,-110,-110,-110,-110,-110
21,1657875722,T15,-77,-89,-86,-62,-75,-79,-110,-86,-110,-110,-110,-110,-110
22,1657875723,T15,-77,-89,-86,-62,-75,-79,-110,-86,-110,-110,-110,-110,-110
23,1657875724,T15,-77,-89,-86,-62,-75,-79,-110,-86,-110,-110,-110,-110,-110
0,1657875742,T16,-84,-92,-86,-63,-75,-75,-91,-87,-110,-110,-110,-110,-110
1,1657875743,T16,-84,-92,-86,-63,-75,-75,-91,-87,-110,-110,-110,-110,-110
2,1657875744,T16,-84,-92,-86,-63,-75,-75,-91,-87,-110,-110,-110,-110,-110
3,1657875745,T16,-84,-92,-86,-63,-75,-75,-91,-87,-110,-110,-110,-110,-110
4,1657875746,T16,-84,-92,-86,-63,-75,-75,-91,-87,-110,-110,-110,-110,-110
5,1657875747,T16,-84,-92,-86,-63,-75,-75,-91,-87,-110,-110,-110,-110,-110
6,1657875748,T16,-84,-92,-86,-63,-75,-75,-91,-87,-110,-110,-110,-110,-110
7,1657875749,T16,-84,-92,-86,-63,-75,-75,-91,-87,-110,-110,-110,-110,-110
8,1657875750,T16,-84,-92,-86,-63,-75,-75,-91,-87,-110,-110,-110,-110,-110
9,1657875751,T16,-84,-92,-86,-63,-75,-75,-91,-87,-110,-110,-110,-110,-110
10,1657875752,T16,-84,-92,-86,-63,-75,-75,-91,-87,-110,-110,-110,-110,-110
11,1657875753,T16,-75,-92,-84,-66,-79,-79,-92,-84,-110,-110,-110,-110,-110
12,1657875754,T16,-75,-92,-84,-66,-79,-79,-92,-84,-110,-110,-110,-110,-110
13,1657875755,T16,-75,-92,-84,-66,-79,-79,-92,-84,-110,-110,-110,-110,-110
14,1657875756,T16,-75,-92,-84,-66,-79,-79,-92,-84,-110,-110,-110,-110,-110
15,1657875757,T16,-75,-92,-84,-66,-79,-79,-92,-84,-110,-110,-110,-110,-110
16,1657875758,T16,-75,-92,-84,-66,-79,-79,-92,-84,-110,-110,-110,-110,-110
17,1657875759,T16,-75,-92,-84,-66,-79,-79,-92,-84,-110,-110,-110,-110,-110
18,1657875760,T16,-87,-92,-88,-56,-87,-80,-91,-84,-87,-110,-110,-110,-110
19,1657875761,T16,-87,-92,-88,-56,-87,-80,-91,-84,-87,-110,-110,-110,-110
20,1657875762,T16,-87,-92,-88,-56,-87,-80,-91,-84,-87,-110,-110,-110,-110
21,1657875763,T16,-87,-92,-88,-56,-87,-80,-91,-84,-87,-110,-110,-110,-110
22,1657875764,T16,-87,-92,-88,-56,-87,-80,-91,-84,-87,-110,-110,-110,-110
23,1657875765,T16,-87,-92,-88,-56,-87,-80,-91,-84,-87,-110,-110,-110,-110
24,1657875766,T16,-87,-92,-88,-56,-87,-80,-91,-84,-87,-110,-110,-110,-110
25,1657875767,T16,-80,-90,-83,-61,-78,-87,-92,-84,-87,-110,-110,-110,-110
26,1657875768,T16,-80,-90,-83,-61,-78,-87,-92,-84,-87,-110,-110,-110,-110
27,1657875769,T16,-80,-90,-83,-61,-78,-87,-92,-84,-87,-110,-110,-110,-110
28,1657875770,T16,-80,-90,-83,-61,-78,-87,-92,-84,-87,-110,-110,-110,-110
29,1657875771,T16,-80,-90,-83,-61,-78,-87,-92,-84,-87,-110,-110,-110,-110
30,1657875772,T16,-80,-90,-83,-61,-78,-87,-92,-84,-87,-110,-110,-110,-110
31,1657875773,T16,-80,-90,-83,-61,-78,-87,-92,-84,-87,-110,-110,-110,-110
32,1657875774,T16,-80,-90,-83,-68,-79,-81,-92,-92,-91,-110,-110,-110,-110
33,1657875775,T16,-80,-90,-83,-68,-79,-81,-92,-92,-91,-110,-110,-110,-110
34,1657875776,T16,-80,-90,-83,-68,-79,-81,-92,-92,-91,-110,-110,-110,-110
35,1657875777,T16,-80,-90,-83,-68,-79,-81,-92,-92,-91,-110,-110,-110,-110
36,1657875778,T16,-80,-90,-83,-68,-79,-81,-92,-92,-91,-110,-110,-110,-110
37,1657875779,T16,-80,-90,-83,-68,-79,-81,-92,-92,-91,-110,-110,-110,-110
38,1657875780,T16,-85,-90,-83,-64,-79,-76,-90,-93,-91,-92,-110,-110,-110
39,1657875781,T16,-85,-90,-83,-64,-79,-76,-90,-93,-91,-92,-110,-110,-110
0,1657875801,T17,-88,-90,-83,-59,-78,-86,-90,-84,-89,-92,-110,-110,-110
1,1657875802,T17,-88,-90,-83,-59,-78,-86,-90,-84,-89,-92,-110,-110,-110
2,1657875803,T17,-88,-90,-83,-59,-78,-86,-90,-84,-89,-92,-110,-110,-110
3,1657875804,T17,-88,-90,-83,-59,-78,-86,-90,-84,-89,-92,-110,-110,-110
4,1657875805,T17,-88,-90,-83,-59,-78,-86,-90,-84,-89,-92,-110,-110,-110
5,1657875806,T17,-88,-90,-83,-59,-78,-86,-90,-84,-89,-92,-110,-110,-110
6,1657875807,T17,-88,-90,-83,-59,-78,-86,-90,-84,-89,-92,-110,-110,-110
7,1657875808,T17,-77,-90,-86,-59,-81,-75,-93,-89,-88,-92,-110,-110,-90
8,1657875809,T17,-77,-90,-86,-59,-81,-75,-93,-89,-88,-92,-110,-110,-90
9,1657875810,T17,-77,-90,-86,-59,-81,-75,-93,-89,-88,-92,-110,-110,-90
10,1657875811,T17,-77,-90,-86,-59,-81,-75,-93,-89,-88,-92,-110,-110,-90
11,1657875812,T17,-77,-90,-86,-59,-81,-75,-93,-89,-88,-92,-110,-110,-90
12,1657875813,T17,-77,-90,-86,-59,-81,-75,-93,-89,-88,-92,-110,-110,-90
13,1657875814,T17,-77,-90,-86,-59,-81,-75,-93,-89,-88,-92,-110,-110,-90
14,1657875815,T17,-89,-92,-75,-57,-81,-76,-93,-74,-88,-92,-110,-110,-90
15,1657875816,T17,-89,-92,-75,-57,-81,-76,-93,-74,-88,-92,-110,-110,-90
16,1657875817,T17,-89,-92,-75,-57,-81,-76,-93,-74,-88,-92,-110,-110,-90
17,1657875818,T17,-89,-92,-75,-57,-81,-76,-93,-74,-88,-92,-110,-110,-90
18,1657875819,T17,-89,-92,-75,-57,-81,-76,-93,-74,-88,-92,-110,-110,-90
19,1657875820,T17,-89,-92,-75,-57,-81,-76,-93,-74,-88,-110,-110,-110,-90
20,1657875821,T17,-89,-92,-75,-57,-81,-76,-93,-74,-88,-110,-110,-110,-90
21,1657875822,T17,-85,-92,-84,-64,-83,-76,-91,-85,-88,-110,-110,-88,-90
22,1657875823,T17,-85,-92,-84,-64,-83,-76,-91,-85,-88,-110,-110,-88,-90
23,1657875824,T17,-85,-92,-84,-64,-83,-76,-91,-85,-88,-110,-110,-88,-90
24,1657875825,T17,-85,-92,-84,-64,-83,-76,-91,-85,-88,-110,-110,-88,-90
25,1657875826,T17,-85,-92,-84,-64,-83,-76,-91,-85,-88,-110,-110,-88,-90
26,1657875827,T17,-85,-92,-84,-64,-83,-76,-91,-85,-88,-110,-110,-88,-90
27,1657875828,T17,-78,-93,-79,-67,-77,-79,-92,-79,-88,-110,-110,-88,-90
0,1657875852,T18,-81,-93,-79,-61,-73,-77,-92,-79,-83,-110,-110,-88,-110
1,1657875853,T18,-81,-93,-79,-61,-73,-77,-92,-79,-83,-110,-110,-88,-110
2,1657875854,T18,-81,-93,-79,-61,-73,-77,-92,-79,-83,-110,-110,-88,-110
3,1657875855,T18,-81,-93,-79,-61,-73,-77,-92,-79,-83,-110,-110,-88,-110
4,1657875856,T18,-81,-93,-79,-61,-73,-77,-92,-79,-83,-110,-110,-88,-110
5,1657875857,T18,-81,-93,-79,-61,-73,-77,-92,-79,-83,-110,-110,-88,-110
6,1657875858,T18,-81,-93,-79,-61,-73,-77,-92,-79,-83,-110,-110,-88,-110
7,1657875859,T18,-81,-92,-85,-62,-73,-82,-93,-91,-83,-110,-110,-88,-110
8,1657875860,T18,-81,-92,-85,-62,-73,-82,-93,-91,-83,-110,-110,-88,-110
9,1657875861,T18,-81,-92,-85,-62,-73,-82,-93,-91,-83,-110,-110,-88,-110
10,1657875862,T18,-81,-92,-85,-62,-73,-82,-93,-91,-83,-110,-110,-88,-110
11,1657875863,T18,-81,-92,-85,-62,-73,-82,-93,-91,-83,-110,-110,-88,-110
12,1657875864,T18,-81,-92,-85,-62,-73,-82,-93,-91,-83,-110,-110,-88,-110
13,1657875865,T18,-81,-92,-85,-62,-73,-82,-93,-91,-83,-110,-110,-88,-110
14,1657875866,T18,-71,-92,-91,-60,-81,-85,-93,-91,-83,-110,-110,-88,-110
15,1657875867,T18,-71,-92,-91,-60,-81,-85,-93,-91,-83,-110,-110,-88,-110
16,1657875868,T18,-71,-92,-91,-60,-81,-85,-93,-91,-83,-110,-110,-88,-110
17,1657875869,T18,-71,-92,-91,-60,-81,-85,-93,-91,-83,-110,-110,-110,-110
18,1657875870,T18,-71,-92,-91,-60,-81,-85,-93,-91,-83,-110,-110,-110,-110
19,1657875871,T18,-71,-92,-91,-60,-81,-85,-93,-91,-83,-110,-110,-110,-110
20,1657875872,T18,-71,-92,-91,-60,-81,-85,-93,-91,-83,-110,-110,-110,-110
21,1657875873,T18,-82,-92,-91,-59,-76,-78,-93,-91,-90,-110,-110,-110,-110
22,1657875874,T18,-82,-92,-91,-59,-76,-78,-93,-91,-90,-110,-110,-110,-110
23,1657875875,T18,-82,-92,-91,-59,-76,-78,-93,-91,-90,-110,-110,-110,-110
24,1657875876,T18,-82,-92,-91,-59,-76,-78,-93,-91,-90,-110,-110,-110,-110
25,1657875877,T18,-82,-92,-91,-59,-76,-78,-93,-91,-90,-110,-110,-110,-110
26,1657875878,T18,-82,-92,-91,-59,-76,-78,-93,-91,-90,-110,-110,-110,-110
27,1657875879,T18,-75,-92,-84,-58,-76,-80,-93,-86,-90,-110,-110,-110,-110
28,1657875880,T18,-75,-92,-84,-58,-76,-80,-93,-86,-90,-110,-110,-110,-110
29,1657875881,T18,-75,-92,-84,-58,-76,-80,-93,-86,-90,-110,-110,-110,-110
30,1657875882,T18,-80,-92,-87,-72,-76,-80,-93,-86,-89,-110,-110,-110,-110
31,1657875883,T18,-80,-92,-87,-72,-76,-80,-93,-86,-89,-110,-110,-110,-110
32,1657875884,T18,-80,-92,-87,-72,-76,-80,-93,-86,-89,-110,-110,-110,-110
33,1657875885,T18,-80,-92,-87,-72,-76,-80,-93,-86,-89,-110,-110,-110,-110
34,1657875886,T18,-80,-92,-87,-72,-76,-80,-93,-86,-89,-110,-110,-110,-110
35,1657875887,T18,-80,-92,-87,-72,-76,-80,-93,-86,-89,-110,-110,-110,-110
36,1657875888,T18,-80,-92,-87,-72,-76,-80,-93,-86,-89,-110,-110,-110,-110
37,1657875889,T18,-80,-92,-87,-72,-76,-80,-93,-86,-89,-110,-110,-110,-110
